id,first_name,last_name,email,gender,ip_address,bank account,country,Value in account
1,Nat,Cretney,ncretney0@wikimedia.org,Female,113.222.138.165,DE03402,DE,$60629.84
2,Ganny,Castiglioni,gcastiglioni1@netvibes.com,Male,127.85.57.104,FR40031,FR,$71235.70
3,Evelyn,Tungate,etungate2@arizona.edu,Male,121.60.96.33,DE01800,DE,$36405.65
4,Robinette,Holtham,rholtham3@omniture.com,Female,19.57.87.227,DE01880,DE,$79007.05
5,Lucky,Forsdyke,lforsdyke4@china.com.cn,Female,110.159.167.145,DE06242,DE,$81402.99
6,Oren,Parrington,oparrington5@friendfeed.com,Male,203.192.155.180,DE01219,DE,$22045.48
7,Caesar,Soles,csoles6@is.gd,Male,27.171.99.63,DE03991,DE,$71865.00
8,Bunni,Kenway,bkenway7@deliciousdays.com,Female,64.198.120.65,IEHPBANK,IE,$33722.95
9,Elena,Benazet,ebenazet8@ted.com,Female,230.255.62.202,IT0000772835545,IT,$44085.44
10,Murry,Lording,mlording9@hud.gov,Agender,116.149.147.89,FR11550,FR,$62820.10
11,Jaynell,Anthonsen,janthonsena@hc360.com,Female,18.208.42.65,LV50103238551,LV,$4699.48
12,Rudie,Whillock,rwhillockb@aol.com,Male,120.162.24.81,ES3085,ES,$79744.66
13,Frederic,Denekamp,fdenekampc@furl.net,Male,128.165.98.214,AT0000002566840,AT,$82928.20
14,Fonz,Barczynski,fbarczynskid@posterous.com,Male,27.49.36.127,DE04763,DE,$6201.84
15,Helenka,MacTeggart,hmacteggarte@eventbrite.com,Female,64.97.159.66,FR42799,FR,$1236.07
16,Dunn,Skerrett,dskerrettf@gov.uk,Male,201.253.102.25,FR27800,FR,$68485.37
17,Justinn,Pahler,jpahlerg@tamu.edu,Female,33.7.171.104,DE05618,DE,$54956.82
18,Wat,Pollastrone,wpollastroneh@businesswire.com,Male,35.189.143.253,AT0000002430781,AT,$46536.47
19,Davy,O'Scannill,doscannilli@a8.net,Non-binary,53.173.97.61,DE02127,DE,$56513.38
20,Cooper,Caroli,ccarolij@liveinternet.ru,Male,60.114.4.0,AT0000002675898,AT,$14664.86
21,Ruthe,Crennell,rcrennellk@yelp.com,Female,218.87.127.177,IEC13795,IE,$21330.34
22,Salvidor,Fullard,sfullardl@linkedin.com,Male,215.165.224.54,IT0004566288250,IT,$49370.61
23,Tomas,Newlands,tnewlandsm@twitter.com,Male,103.3.211.34,LUB00401,LU,$99334.62
24,Hastie,Boteman,hbotemann@clickbank.net,Male,194.108.178.72,NL600,NL,$66748.87
25,Vanya,Houseman,vhousemano@wsj.com,Male,20.117.150.22,DE04001,DE,$82283.66
26,Auberon,Jauncey,ajaunceyp@biglobe.ne.jp,Genderqueer,157.35.159.131,DE00905,DE,$65894.13
27,Des,Kabsch,dkabschq@mysql.com,Bigender,53.174.48.220,ES0234,ES,$16994.32
28,Mateo,Seys,mseysr@geocities.com,Male,7.194.19.176,FR12006,FR,$42290.27
29,Claude,Van den Hof,cvandenhofs@businesswire.com,Female,202.34.57.18,DE00034,DE,$92289.83
30,Cristy,O'Brogan,cobrogant@salon.com,Female,207.65.60.129,DE02873,DE,$8330.58
31,Bevin,Polsin,bpolsinu@bigcartel.com,Male,155.118.79.146,ES3138,ES,$67133.10
32,Helyn,Cicci,hcicciv@slashdot.org,Female,227.220.206.243,GR011,GR,$12130.75
33,Aluin,Geering,ageeringw@npr.org,Male,31.151.46.111,FR13106,FR,$98241.40
34,Hammad,Wratten,hwrattenx@histats.com,Bigender,138.76.189.41,IT0000527850605,IT,$91948.90
35,Andres,Dredge,adredgey@multiply.com,Male,99.126.3.122,LUB00317,LU,$90987.33
36,Win,Sibson,wsibsonz@businessweek.com,Male,21.132.33.147,ES0182,ES,$95633.54
37,Brunhilde,Sundin,bsundin10@illinois.edu,Female,125.240.13.234,IT0004566288250,IT,$7256.17
38,Ray,Whitley,rwhitley11@nytimes.com,Female,137.16.12.143,IEC13813,IE,$93231.11
39,Amil,Fawthrop,afawthrop12@xing.com,Female,82.10.0.4,NL410,NL,$9107.57
40,Joela,Zaniolini,jzaniolini13@pcworld.com,Female,39.100.71.147,BE0403199702,BE,$6808.56
41,Layney,MacLice,lmaclice14@hibu.com,Female,12.226.30.244,ES3134,ES,$55933.50
42,Ashla,Eskrigg,aeskrigg15@upenn.edu,Female,157.230.39.72,AT0000002587846,AT,$14778.00
43,Carroll,Derington,cderington16@technorati.com,Non-binary,209.46.179.54,DE00003,DE,$44943.56
44,Ros,MacCardle,rmaccardle17@devhub.com,Female,71.127.10.57,IEC30503,IE,$4205.67
45,Hans,Jobern,hjobern18@google.com.au,Male,16.38.51.0,IT0004566288250,IT,$38744.91
46,Erica,Bissatt,ebissatt19@geocities.jp,Female,145.58.247.192,DE02212,DE,$93164.38
47,Traver,Petley,tpetley1a@istockphoto.com,Male,110.11.155.129,DE00438,DE,$4291.88
48,Garey,Yacob,gyacob1b@jugem.jp,Male,141.149.110.186,DE02162,DE,$45810.70
49,Katey,Chiddy,kchiddy1c@g.co,Female,17.84.181.225,IEC13825,IE,$77368.60
50,Robinette,Korda,rkorda1d@trellian.com,Female,187.192.208.65,NL195,NL,$69769.13
51,Maxie,Bunclark,mbunclark1e@netscape.com,Female,214.255.10.17,IT0004566288250,IT,$24412.50
52,Ansley,Tasch,atasch1f@ucoz.com,Female,16.47.145.52,AT0000002578696,AT,$12839.60
53,Flossi,Rodrigues,frodrigues1g@tinypic.com,Female,153.105.247.56,IEC13997,IE,$43447.69
54,Renee,Coundley,rcoundley1h@i2i.jp,Female,231.158.45.84,DE00717,DE,$22974.95
55,Genna,Knock,gknock1i@telegraph.co.uk,Female,220.76.95.225,DE03784,DE,$39596.18
56,Jenica,Afonso,jafonso1j@sogou.com,Female,229.55.106.66,DE01284,DE,$99203.86
57,Junina,Llywarch,jllywarch1k@mac.com,Genderfluid,174.7.214.38,FR14940,FR,$41424.93
58,Wolfy,MacMichael,wmacmichael1l@de.vu,Male,166.230.70.242,DE01074,DE,$76951.45
59,Terry,Hambly,thambly1m@yellowpages.com,Male,234.141.64.244,DE00671,DE,$56916.88
60,Eugene,Showte,eshowte1n@toplist.cz,Male,183.113.168.201,DE01005,DE,$87303.08
61,Myrwyn,Di Franceshci,mdifranceshci1o@elegantthemes.com,Male,155.239.224.111,NL163,NL,$93698.06
62,Booth,Glassup,bglassup1p@studiopress.com,Male,195.244.129.146,DE04024,DE,$50986.45
63,Salomon,Rebert,srebert1q@cmu.edu,Male,91.177.196.252,AT0000002597647,AT,$50446.67
64,Terrance,Jedrzejczyk,tjedrzejczyk1r@linkedin.com,Male,233.213.233.188,DE02162,DE,$24976.97
65,Robbert,Gladdor,rgladdor1s@networksolutions.com,Male,129.79.239.17,AT0000002419545,AT,$75156.82
66,Ange,Brogan,abrogan1t@mediafire.com,Female,83.253.15.210,FR11315,FR,$57876.95
67,Vassili,MacConnel,vmacconnel1u@godaddy.com,Male,136.7.76.26,AT0000002669149,AT,$28754.50
68,Kerrin,Hansbury,khansbury1v@arizona.edu,Female,169.230.216.97,DE00917,DE,$81397.90
69,Ethyl,Brilleman,ebrilleman1w@comcast.net,Genderfluid,158.89.197.3,DE03833,DE,$20670.36
70,Hyacinth,Delete,hdelete1x@comcast.net,Female,217.26.9.14,IT0000532003330,IT,$44416.00
71,Louisette,McGlaughn,lmcglaughn1y@newyorker.com,Bigender,167.7.72.68,DE02938,DE,$81080.35
72,Uta,Leatherborrow,uleatherborrow1z@geocities.com,Female,133.176.79.13,DE03625,DE,$52245.13
73,Noby,Raimbauld,nraimbauld20@alibaba.com,Male,52.240.34.82,DE02287,DE,$95262.01
74,Gun,Cranch,gcranch21@pen.io,Male,224.29.171.219,AT0000002420717,AT,$41671.06
75,Ailyn,Noller,anoller22@house.gov,Female,248.215.46.254,DE00363,DE,$26880.35
76,Tomasine,Brotherhead,tbrotherhead23@miitbeian.gov.cn,Female,123.87.223.104,DE00001,DE,$35816.54
77,Clari,Meddings,cmeddings24@house.gov,Female,51.213.208.98,FR14388,FR,$25538.20
78,Carlita,Chrichton,cchrichton25@alibaba.com,Female,6.22.97.88,BE0424025008,BE,$25898.61
79,Trudie,Dowyer,tdowyer26@opera.com,Female,86.132.33.140,DE02740,DE,$71781.40
80,Ardath,Monkton,amonkton27@skype.com,Agender,227.169.17.169,BE0400040965,BE,$42314.20
81,Caesar,Iredale,ciredale28@ask.com,Male,34.223.122.34,DE00001,DE,$90686.37
82,Didi,Ovill,dovill29@census.gov,Female,168.193.45.142,AT0000002661401,AT,$44517.22
83,Abby,Fulun,afulun2a@amazonaws.com,Male,135.242.39.8,FR30004,FR,$41238.76
84,Arielle,Croxford,acroxford2b@cnn.com,Female,105.231.81.63,AT0000016076505,AT,$1143.61
85,Brenn,Nairy,bnairy2c@japanpost.jp,Bigender,107.54.20.191,NL195,NL,$99307.13
86,Carola,Roarty,croarty2d@squarespace.com,Female,18.130.172.69,IT0002733874564,IT,$10358.76
87,Eba,Lyddiard,elyddiard2e@privacy.gov.au,Female,183.125.24.197,IT0000604293390,IT,$1038.82
88,Nady,Klimczak,nklimczak2f@jigsy.com,Female,202.46.227.197,IT0004566288250,IT,$93641.37
89,Karia,Callendar,kcallendar2g@symantec.com,Female,64.205.122.218,DE04267,DE,$46963.04
90,Mattie,Souten,msouten2h@live.com,Male,189.46.153.132,FR11306,FR,$55030.03
91,Walt,Wheelan,wwheelan2i@bloomberg.com,Male,78.6.104.91,NL600,NL,$98335.34
92,Sharyl,Copper,scopper2j@freewebs.com,Female,247.222.59.100,DK17616617,DK,$33946.64
93,Evie,Blyth,eblyth2k@etsy.com,Female,204.197.67.102,AT0000002570792,AT,$94987.12
94,Brion,Lening,blening2l@infoseek.co.jp,Male,116.96.68.122,DE02863,DE,$50595.51
95,Briant,Hinchon,bhinchon2m@so-net.ne.jp,Male,63.38.48.40,DE01259,DE,$4573.67
96,Teodorico,McGilvra,tmcgilvra2n@bloglines.com,Genderqueer,24.156.251.241,IT0004566288250,IT,$58529.28
97,Mia,Ratchford,mratchford2o@youtube.com,Female,185.120.90.148,IT0000159413545,IT,$89321.03
98,Kathy,Vynoll,kvynoll2p@360.cn,Female,107.181.179.102,DE03787,DE,$47581.70
99,Justinn,Bockett,jbockett2q@buzzfeed.com,Female,19.62.207.150,DE03833,DE,$33457.50
100,Casper,Kibbye,ckibbye2r@com.com,Male,46.255.94.22,PL00109,PL,$30871.96
101,Arlyn,Moncreif,amoncreif2s@tinypic.com,Female,173.78.110.174,DE00001,DE,$10106.90
102,Dallas,Tedstone,dtedstone2t@ehow.com,Female,38.75.154.32,FR30006,FR,$66037.42
103,Mirabel,Hayball,mhayball2u@digg.com,Female,246.123.49.216,DE05773,DE,$99151.20
104,Christoper,Pavic,cpavic2v@shutterfly.com,Male,49.38.160.177,FR11238,FR,$68088.34
105,Dominica,Clee,dclee2w@spiegel.de,Female,184.29.86.34,GR089,GR,$14722.12
106,Gusella,Southwood,gsouthwood2x@si.edu,Female,254.133.50.22,IEC13764,IE,$15294.90
107,Gabriele,Simonian,gsimonian2y@stanford.edu,Male,55.99.104.56,FI21817028,FI,$4720.84
108,Susette,Glede,sglede2z@prnewswire.com,Female,6.130.188.180,DE01549,DE,$2543.56
109,Burnaby,Monte,bmonte30@gmpg.org,Male,193.222.255.190,DE03946,DE,$37137.15
110,Buckie,MacSween,bmacsween31@webs.com,Male,220.231.63.53,BE0879995183,BE,$6855.59
111,Nefen,Danskine,ndanskine32@arizona.edu,Male,46.155.71.109,DE02873,DE,$71166.67
112,Evita,Farress,efarress33@blinklist.com,Female,168.81.106.136,AT0000002664934,AT,$67435.55
113,Dewie,Gowar,dgowar34@wikispaces.com,Male,139.152.226.32,DE00233,DE,$3132.40
114,Annabell,Boatright,aboatright35@wikia.com,Female,82.11.145.160,FR30066,FR,$20727.52
115,Jenni,Hatchette,jhatchette36@ustream.tv,Female,200.156.251.171,ES3111,ES,$22385.74
116,Mart,Bolesworth,mbolesworth37@nps.gov,Non-binary,55.167.219.110,DE02582,DE,$15166.53
117,Ernestine,Bartelet,ebartelet38@webs.com,Female,182.185.109.214,AT0000002657136,AT,$50865.33
118,Cindie,Gait,cgait39@hc360.com,Female,19.187.40.232,IT0000643859337,IT,$42638.93
119,Olvan,Yitzhakof,oyitzhakof3a@marketwatch.com,Male,13.98.65.55,DE00363,DE,$56108.63
120,Clifford,Lehon,clehon3b@harvard.edu,Male,250.130.55.141,HU10197879,HU,$18658.41
121,Ella,Auton,eauton3c@bbb.org,Female,13.173.113.80,DE05205,DE,$44143.50
122,Kara,Feldbrin,kfeldbrin3d@github.com,Female,211.155.186.191,IT0000273649266,IT,$39104.18
123,Kata,Mincher,kmincher3e@dailymail.co.uk,Female,16.130.255.126,FR16700,FR,$87371.73
124,Chrissy,Reckus,creckus3f@printfriendly.com,Female,195.244.143.81,DE04882,DE,$69601.63
125,Ephraim,Ricioppo,ericioppo3g@ucoz.ru,Bigender,52.40.142.227,DE07803,DE,$75927.43
126,Garrot,Parfett,gparfett3h@whitehouse.gov,Male,153.65.120.102,DE00764,DE,$90527.86
127,Cari,Sabathier,csabathier3i@google.co.jp,Female,116.222.143.208,DE00316,DE,$30414.09
128,Adora,Mulqueen,amulqueen3j@tripadvisor.com,Female,245.209.28.232,DE02934,DE,$80197.91
129,Selie,Longbottom,slongbottom3k@seesaa.net,Female,8.160.111.218,IEC13959,IE,$42583.47
130,Carling,Styles,cstyles3l@photobucket.com,Male,100.190.210.39,AT0000002598538,AT,$66446.76
131,Ronnie,Gilpin,rgilpin3m@blogger.com,Male,93.101.161.231,IT0004566288250,IT,$33583.58
132,Aleksandr,Baulch,abaulch3n@miibeian.gov.cn,Male,42.115.163.213,IEHPBANK,IE,$9197.41
133,Noach,Becom,nbecom3o@odnoklassniki.ru,Male,100.129.90.192,DE04044,DE,$64480.85
134,Herculie,Janosevic,hjanosevic3p@dagondesign.com,Male,251.76.42.9,FR17779,FR,$65103.78
135,Krissie,Wheatley,kwheatley3q@dailymotion.com,Female,70.11.81.46,NL690,NL,$24371.36
136,Aundrea,MacCaghan,amaccaghan3r@sourceforge.net,Female,131.165.148.23,DE01759,DE,$6820.08
137,Colin,Hamsher,chamsher3s@disqus.com,Male,49.156.233.133,IEC13926,IE,$20394.24
138,Reuven,Curteis,rcurteis3t@va.gov,Male,8.186.227.152,DE05182,DE,$2893.58
139,Edith,Dingley,edingley3u@weather.com,Female,43.47.112.134,MTCIVALL,MT,$80701.33
140,Basile,Fennick,bfennick3v@oracle.com,Genderqueer,205.182.27.93,DE04396,DE,$97128.65
141,Hermon,McSweeney,hmcsweeney3w@plala.or.jp,Genderfluid,109.38.91.225,IT0000532290190,IT,$38386.85
142,Dorian,Benedettini,dbenedettini3x@histats.com,Male,26.218.79.152,AT0000002639662,AT,$70741.64
143,Urbanus,Jochanany,ujochanany3y@cloudflare.com,Male,132.105.242.93,DE05001,DE,$60675.67
144,Silvie,Lyon,slyon3z@lulu.com,Female,156.20.31.144,IEC13989,IE,$97667.83
145,Tripp,Carrivick,tcarrivick40@hibu.com,Male,250.157.196.123,IT0001863196870,IT,$89751.31
146,Lelia,Offer,loffer41@examiner.com,Female,46.204.92.100,DE06630,DE,$61008.64
147,Abe,McCarle,amccarle42@1und1.de,Male,122.94.134.211,DE01014,DE,$53434.80
148,Sancho,William,swilliam43@deviantart.com,Male,225.81.152.62,AT0000001120979,AT,$45007.99
149,Ax,Metrick,ametrick44@blogspot.com,Genderqueer,180.53.225.59,CY110001,CY,$76483.52
150,Rhoda,Knok,rknok45@1688.com,Female,61.207.90.129,IEC13808,IE,$78740.63
151,Duky,Gentry,dgentry46@webs.com,Genderqueer,189.118.34.230,FR30006,FR,$23209.04
152,Sanderson,Championnet,schampionnet47@marketwatch.com,Male,164.162.124.43,DE02170,DE,$2590.01
153,Kiersten,Filimore,kfilimore48@wunderground.com,Female,203.65.220.51,GR075,GR,$26896.29
154,Sonya,Gajewski,sgajewski49@google.co.uk,Female,170.62.203.79,DE02378,DE,$51540.34
155,Toddy,Searl,tsearl4a@noaa.gov,Male,123.31.190.5,IEC13929,IE,$22192.81
156,Jacklyn,MacArthur,jmacarthur4b@ebay.co.uk,Female,178.241.51.173,IT0004566288250,IT,$95390.84
157,Suzy,Giraudoux,sgiraudoux4c@last.fm,Female,168.90.124.180,ES0234,ES,$91816.83
158,Mattheus,Bench,mbench4d@slate.com,Male,168.50.136.135,DE03003,DE,$25255.63
159,Ed,Nockalls,enockalls4e@ebay.com,Male,125.254.212.80,IT0004566288250,IT,$42187.69
160,Adoree,Pettingill,apettingill4f@msu.edu,Female,130.75.10.43,BE0889389238,BE,$53257.39
161,Mercy,Juliano,mjuliano4g@si.edu,Female,131.199.90.99,IT0000104420510,IT,$66467.41
162,Liz,Cammack,lcammack4h@sourceforge.net,Female,210.79.34.119,FR13150,FR,$68635.00
163,Bran,Okell,bokell4i@trellian.com,Male,46.193.172.146,AT0000002635249,AT,$44326.32
164,Neal,Morey,nmorey4j@w3.org,Male,132.167.245.36,HR70663193635,HR,$20642.10
165,Delmor,Joannet,djoannet4k@deviantart.com,Male,182.32.46.250,FR41249,FR,$61451.77
166,Claudio,Trorey,ctrorey4l@mail.ru,Male,48.249.101.194,IT0002733874564,IT,$48422.71
167,Peyton,Minucci,pminucci4m@statcounter.com,Male,118.85.87.21,IT0001110446240,IT,$12102.55
168,Amy,Jezard,ajezard4n@unblog.fr,Female,45.159.172.0,AT0000002473757,AT,$28198.33
169,Tandie,Ewings,tewings4o@princeton.edu,Female,153.238.184.98,BE0205764318,BE,$7185.19
170,Micky,Fallis,mfallis4p@theguardian.com,Male,65.39.88.213,FR17979,FR,$75635.84
171,Kareem,Dawson,kdawson4q@webeden.co.uk,Male,217.0.242.163,FI22387525,FI,$47057.73
172,Thornton,White,twhite4r@bigcartel.com,Male,164.96.101.248,PL08882,PL,$15175.13
173,Philipa,McRonald,pmcronald4s@cornell.edu,Female,94.122.129.222,IT0000153351699,IT,$27257.69
174,Gothart,O'Hogertie,gohogertie4t@t.co,Male,88.85.191.46,ES3118,ES,$63307.17
175,Katheryn,Barley,kbarley4u@blogtalkradio.com,Female,242.218.24.29,ES3001,ES,$84542.14
176,Rasla,Janatka,rjanatka4v@globo.com,Female,111.27.103.28,IT0004566288250,IT,$46369.02
177,Berget,Kaplan,bkaplan4w@sina.com.cn,Polygender,21.129.143.136,IT0004566288250,IT,$30690.72
178,Margaretta,Bordes,mbordes4x@amazon.com,Female,210.242.218.222,ES2100,ES,$75229.41
179,Carleen,Tanti,ctanti4y@ted.com,Female,176.183.255.66,DE06234,DE,$60968.51
180,Cathlene,Hightown,chightown4z@europa.eu,Female,49.55.155.112,FR16188,FR,$14439.84
181,Inge,Lancley,ilancley50@hostgator.com,Female,186.245.246.215,AT0000176565081,AT,$86223.59
182,Robert,Demer,rdemer51@va.gov,Male,74.231.32.154,DE04439,DE,$34682.46
183,Alis,Braunton,abraunton52@un.org,Female,18.97.31.99,GR128,GR,$58678.06
184,Bil,Hindes,bhindes53@smugmug.com,Male,70.206.74.74,LT304772963,LT,$67667.78
185,Aubrey,McDuall,amcduall54@dailymotion.com,Female,7.206.59.162,IT0004566288250,IT,$91774.34
186,Anne,De Lorenzo,adelorenzo55@fc2.com,Female,36.6.131.53,DE00761,DE,$30496.34
187,Englebert,McCarly,emccarly56@pcworld.com,Male,161.136.82.219,DE01397,DE,$46494.99
188,Ham,Ladon,hladon57@vk.com,Male,105.141.209.207,IT0002733874564,IT,$73449.20
189,Laurens,Bartolacci,lbartolacci58@nsw.gov.au,Polygender,237.216.97.46,DE00317,DE,$23554.95
190,Tracee,Boik,tboik59@psu.edu,Female,242.131.234.106,DE02184,DE,$79089.23
191,Bern,McGettrick,bmcgettrick5a@skyrock.com,Male,14.162.50.70,DE06630,DE,$43982.62
192,Callie,Rarity,crarity5b@goodreads.com,Female,198.77.174.218,SE5020077862,SE,$25234.65
193,Joellen,Bovingdon,jbovingdon5c@rediff.com,Genderfluid,215.180.208.29,DE01111,DE,$6648.33
194,Leonora,Jiggle,ljiggle5d@pinterest.com,Female,132.120.184.133,BE0424025008,BE,$81393.46
195,Gretchen,Heaseman,gheaseman5e@hubpages.com,Female,19.45.80.226,ES0182,ES,$54096.75
196,Olivero,Houlahan,ohoulahan5f@nasa.gov,Male,131.63.191.9,FR17106,FR,$13841.50
197,Ileana,Waterstone,iwaterstone5g@mediafire.com,Female,240.248.59.142,FR30004,FR,$64697.42
198,Kent,Goater,kgoater5h@chronoengine.com,Agender,192.123.233.180,IT0000100240817,IT,$62617.90
199,Ada,Carwithim,acarwithim5i@toplist.cz,Non-binary,239.67.176.23,DE04024,DE,$26813.30